D_d [m],U_d [m/s],We,D_max
0.00117043836366221,0.679597492732267,61.03211703508,0.0044986607548204
