D_d [m],U_d [m/s],We,D_max
0.00116077366005101,2.13570638260881,597.77395138296,0.0058185438074507
