D_d [m],U_d [m/s],We,D_max
0.00115397338209193,2.12896183981959,590.524466641786,0.00617169012275496
