D_d [m],U_d [m/s],We,D_max
0.00116402341123192,0.925945331303969,112.677903578633,0.0047216007565786
