D_d [m],U_d [m/s],We,D_max
0.00114541083419057,2.36276263857486,721.951174127563,0.00602279576358833
