D_d [m],U_d [m/s],We,D_max
0.00117217760673882,0.678688288003709,60.9593714448149,0.00448007410985407
