D_d [m],U_d [m/s],We,D_max
0.00118273360628886,2.87327131692792,1102.41867720699,0.00626443083242536
