D_d [m],U_d [m/s],We,D_max
0.00113466514668121,3.18399296832258,1298.72818392358,0.00615271733115452
