D_d [m],U_d [m/s],We,D_max
0.0011133511873348,3.16926723021943,1262.5722720887,0.00591112603225949
