D_d [m],U_d [m/s],We,D_max
0.00112711602412783,2.37624073832263,718.548106040333,0.00559528967194517
