D_d [m],U_d [m/s],We,D_max
0.00119648516414365,1.48635092129121,298.439553638737,0.00520549188344336
