D_d [m],U_d [m/s],We,D_max
0.00116919133544617,0.726618855998021,69.6955847650886,0.00399696649758786
