D_d [m],U_d [m/s],We,D_max
0.00116941394836512,2.4284995799879,778.665056309247,0.00580022532005469
