D_d [m],U_d [m/s],We,D_max
0.00123687587230459,0.976421099817055,133.139456479222,0.00487096345743193
