D_d [m],U_d [m/s],We,D_max
0.0011281156611268,1.94130721192031,480.008043352909,0.00526109135250977
