D_d [m],U_d [m/s],We,D_max
0.0011478136310139,1.96727091061009,501.540569711579,0.00546603315804305
