D_d [m],U_d [m/s],We,D_max
0.00119395108569236,0.986564162168134,131.20293668375,0.00477771488945775
