D_d [m],U_d [m/s],We,D_max
0.00116161441561529,1.38369135767202,251.100050647814,0.00539074321364952
