D_d [m],U_d [m/s],We,D_max
0.0011957830169484,0.407394276850398,22.4072509937192,0.00423844886987292
