D_d [m],U_d [m/s],We,D_max
0.00115168834665357,2.54787882871258,844.109646020282,0.00609700325831527
