D_d [m],U_d [m/s],We,D_max
0.00116454156444831,1.16564344912801,178.64579533861,0.00529780633244781
