D_d [m],U_d [m/s],We,D_max
0.00114649965725517,2.36127369434962,721.726974889547,0.00605982779561205
