D_d [m],U_d [m/s],We,D_max
0.00115700593940574,2.53555237521455,839.821735979006,0.00607833026047973
