D_d [m],U_d [m/s],We,D_max
0.00115250620554715,2.12263412717241,586.273018954584,0.00591119179030669
