D_d [m],U_d [m/s],We,D_max
0.00116031742197545,1.16309749265318,177.221089715729,0.00520479489492936
