D_d [m],U_d [m/s],We,D_max
0.001181685889615,2.23849686138062,668.530737314174,0.00619027685685586
