D_d [m],U_d [m/s],We,D_max
0.00117220567988587,1.78268028194035,420.588209285825,0.00717560042069864
