D_d [m],U_d [m/s],We,D_max
0.00116936819484126,1.78487730660188,420.604934681939,0.00749104773328271
