D_d [m],U_d [m/s],We,D_max
0.00109414941366135,1.74083267454967,374.366553841995,0.00555846503612405
