D_d [m],U_d [m/s],We,D_max
0.001173890944154,1.76334484847408,412.105688753363,0.00635767330480938
