D_d [m],U_d [m/s],We,D_max
0.00118102277370845,1.77721682089237,421.15838618951,0.00704562371479931
