D_d [m],U_d [m/s],We,D_max
0.0011586012991228,1.23495872651838,199.501078704512,0.00466575594298286
