D_d [m],U_d [m/s],We,D_max
0.00119641915779792,1.48374010054571,297.375631890819,0.00527953802259073
