D_d [m],U_d [m/s],We,D_max
0.00115146631481188,2.42349781082916,763.559441444983,0.00574432545922367
