D_d [m],U_d [m/s],We,D_max
0.00116396409939113,2.86717216689349,1080.32264626801,0.00607847947418115
