D_d [m],U_d [m/s],We,D_max
0.00117598589578204,1.79678090223464,428.645934809903,0.00680552830211327
