D_d [m],U_d [m/s],We,D_max
0.0011228847606492,2.7869858966583,984.716194498546,0.0057251962314594
