D_d [m],U_d [m/s],We,D_max
0.00115576352123562,1.79298541291699,419.496987177197,0.0058185438074507
