D_d [m],U_d [m/s],We,D_max
0.00112654210899369,1.94448894057624,480.911026869626,0.00537311244607637
