D_d [m],U_d [m/s],We,D_max
0.00114300946527751,3.28172654822457,1389.82768382319,0.00620844621792599
