D_d [m],U_d [m/s],We,D_max
0.00115570618572226,0.982646517667065,125.993583167921,0.00457300745126202
