D_d [m],U_d [m/s],We,D_max
0.00117563042080734,0.72559129478823,69.8813511263218,0.00421974982215285
