D_d [m],U_d [m/s],We,D_max
0.00115860964100037,2.54536718833583,847.509102600044,0.00617135420885343
