D_d [m],U_d [m/s],We,D_max
0.0011498909650045,0.979613662662948,124.586985941528,0.00449878556014578
