D_d [m],U_d [m/s],We,D_max
0.00119336436354927,1.23547887824337,205.660110797621,0.00503791810917751
