D_d [m],U_d [m/s],We,D_max
0.00117643511605569,1.77872909285177,420.23667047558,0.00559563701249853
