D_d [m],U_d [m/s],We,D_max
0.0011501829265296,1.23316349045219,197.476119158108,0.00479594952728724
