D_d [m],U_d [m/s],We,D_max
0.00115017232548012,2.3766660308853,733.509228440625,0.00607841552590049
