D_d [m],U_d [m/s],We,D_max
0.00117717333231951,1.80878204940571,434.829744458193,0.00632050038344163
