D_d [m],U_d [m/s],We,D_max
0.00117180735049411,1.78593165801315,421.980361654037,0.00695233914678284
