D_d [m],U_d [m/s],We,D_max
0.0011754224829379,1.79430191499742,427.259162867503,0.00583739673558965
