D_d [m],U_d [m/s],We,D_max
0.0011603338761872,1.38099998409275,249.84845568774,0.00540933060437928
