D_d [m],U_d [m/s],We,D_max
0.00115398835003947,1.78638682018755,415.775396854983,0.00566985163525144
