D_d [m],U_d [m/s],We,D_max
0.00116858403670826,0.677680143825676,60.592074494295,0.0044616133220155
