D_d [m],U_d [m/s],We,D_max
0.00117135866238866,1.77771646790398,417.947022050945,0.0056517007634363
