D_d [m],U_d [m/s],We,D_max
0.00116335145189996,0.928222050964034,113.16732476225,0.00477736232426444
