D_d [m],U_d [m/s],We,D_max
0.00117547390559731,1.79762302964144,428.861035318451,0.00600516510569123
