D_d [m],U_d [m/s],We,D_max
0.00112274276546397,2.38495652477052,721.020394652575,0.00559550579749025
