D_d [m],U_d [m/s],We,D_max
0.00121076844534567,1.23814466817159,209.560887041894,0.00505637604864304
