D_d [m],U_d [m/s],We,D_max
0.00111885359210099,2.79510977971732,986.909547767655,0.00576233447582053
