D_d [m],U_d [m/s],We,D_max
0.0011850751318718,0.404239706370207,21.8640279994933,0.00416410310419062
