D_d [m],U_d [m/s],We,D_max
0.00117882159760797,1.78187827210009,422.58151808964,0.00548427088378642
