D_d [m],U_d [m/s],We,D_max
0.00117102623336645,0.926316943555756,113.446784439907,0.00477736232426444
