D_d [m],U_d [m/s],We,D_max
0.00114306732456162,1.38187795521608,246.443596551366,0.00524204426353404
