D_d [m],U_d [m/s],We,D_max
0.00119334835617965,0.40896353279392,22.53423179308,0.00421986240681295
