D_d [m],U_d [m/s],We,D_max
0.00114261381245102,1.47690115396575,281.390013220256,0.00505626500651183
