D_d [m],U_d [m/s],We,D_max
0.00115941033783909,1.16767497267004,178.479139194212,0.00526063161473142
