D_d [m],U_d [m/s],We,D_max
0.00116904829443557,1.78464217996012,420.37909389882,0.00561397684366001
