D_d [m],U_d [m/s],We,D_max
0.00122028997795917,0.724021069688428,72.2223814227271,0.00425749186830123
