D_d [m],U_d [m/s],We,D_max
0.001172860952043,1.81036329297152,433.994622795635,0.00611649488886222
