D_d [m],U_d [m/s],We,D_max
0.00125488012116186,0.722952473319277,74.0505154329294,0.00444302722754832
