D_d [m],U_d [m/s],We,D_max
0.00113649816944103,3.28268243251125,1382.71550585601,0.00615266117413645
