D_d [m],U_d [m/s],We,D_max
0.00114631556533907,1.96776794289117,501.139115788515,0.00544726660554191
