D_d [m],U_d [m/s],We,D_max
0.0011480341462608,1.47190102574961,280.813751852324,0.00500040919036501
